Date,Open,High,Low,Close,Adj Close,Volume,Date_hk,Open_hk,High_hk,Low_hk,Close_hk,Adj Close_hk,Volume_hk,pct_change,pct_change_hk
2022-03-28,5.48,5.52,5.47,5.5,5.401079,10792700,2022-03-28,7.6,7.71,7.5,7.68,7.68,6472126,,
2022-03-29,5.51,5.53,5.45,5.5,5.401079,7343000,2022-03-29,7.68,7.69,7.4,7.5,7.5,7648800,0.0,-0.0234375
2022-03-30,5.5,5.53,5.49,5.5,5.401079,8244900,2022-03-30,7.57,7.82,7.57,7.77,7.77,7816350,0.0,0.03600000000000003
2022-03-31,5.53,5.54,5.5,5.5,5.401079,5440900,2022-03-31,7.78,7.78,7.66,7.71,7.71,4356400,0.0,-0.007722007722007707
2022-04-01,5.49,5.5,5.46,5.49,5.391259,4117500,2022-04-01,7.68,7.78,7.58,7.78,7.78,5055683,-0.0018181818181818299,0.009079118028534339
2022-04-04,5.5,5.56,5.5,5.52,5.42072,6844000,2022-04-04,7.78,7.87,7.73,7.81,7.81,5172424,0.005464480874316724,0.00385604113110527
2022-04-05,5.54,5.58,5.53,5.56,5.46,5618700,2022-04-06,7.79,7.84,7.6,7.73,7.73,7613722,0.007246376811594235,-0.010243277848911547
2022-04-06,5.56,5.57,5.44,5.44,5.342158,10710900,2022-04-07,7.75,7.75,7.48,7.53,7.53,5815539,-0.021582733812949506,-0.02587322121604141
2022-04-07,5.41,5.42,5.37,5.4,5.302878,7535800,2022-04-08,7.53,7.59,7.4,7.59,7.59,4968608,-0.007352941176470562,0.007968127490039834
2022-04-08,5.4,5.43,5.39,5.43,5.332338,3393200,2022-04-11,7.59,7.59,7.33,7.34,7.34,7487000,0.005555555555555536,-0.03293807641633728
2022-04-11,5.43,5.43,5.34,5.37,5.273417,4377200,2022-04-12,7.35,7.68,7.3,7.65,7.65,9322154,-0.011049723756906049,0.042234332425068244
2022-04-12,5.35,5.38,5.33,5.35,5.253777,3690700,2022-04-13,7.61,7.68,7.57,7.68,7.68,5496759,-0.003724394785847407,0.0039215686274509665
2022-04-13,5.39,5.42,5.37,5.4,5.302878,2787300,2022-04-14,7.77,7.77,7.6,7.7,7.7,9638169,0.009345794392523477,0.0026041666666667407
2022-04-14,5.43,5.49,5.41,5.46,5.361799,6131300,2022-04-19,7.67,7.67,7.5,7.53,7.53,6138653,0.011111111111111072,-0.02207792207792203
2022-04-18,5.43,5.45,5.4,5.4,5.302878,2331700,2022-04-20,7.55,7.56,7.37,7.39,7.39,13493182,-0.01098901098901095,-0.018592297476759723
2022-04-19,5.47,5.51,5.43,5.44,5.342158,5347600,2022-04-21,7.44,7.45,7.36,7.37,7.37,7023450,0.007407407407407307,-0.0027063599458727605
2022-04-20,5.46,5.52,5.46,5.5,5.401079,4974200,2022-04-22,7.37,7.45,7.26,7.39,7.39,5173630,0.011029411764705843,0.0027137042062415073
2022-04-21,5.5,5.53,5.48,5.52,5.42072,5049000,2022-04-25,7.47,7.75,7.45,7.66,7.66,17123776,0.0036363636363636598,0.03653585926928282
2022-04-22,5.48,5.53,5.47,5.52,5.42072,5077300,2022-04-26,7.78,7.89,7.68,7.81,7.81,15883646,0.0,0.01958224543080922
2022-04-25,5.52,5.54,5.48,5.53,5.43054,5714400,2022-04-27,7.77,7.98,7.65,7.96,7.96,15309414,0.0018115942028986698,0.019206145966709443
2022-04-26,5.54,5.55,5.49,5.5,5.401079,3475300,2022-04-28,7.97,7.97,7.77,7.84,7.84,4428000,-0.005424954792043413,-0.015075376884422176
2022-04-27,5.49,5.5,5.42,5.5,5.401079,4629300,2022-04-29,7.87,7.91,7.67,7.88,7.88,7346453,0.0,0.005102040816326481
2022-04-28,5.5,5.5,5.45,5.48,5.381439,3329300,2022-05-03,7.88,8.1,7.88,8.1,8.1,10217103,-0.0036363636363635488,0.027918781725888353
2022-04-29,5.51,5.53,5.49,5.5,5.401079,4636900,2022-05-04,8.09,8.15,8.05,8.1,8.1,5840659,0.0036496350364962904,0.0
2022-05-04,5.5,5.5,5.45,5.46,5.361799,3512000,2022-05-05,8.12,8.45,8.12,8.23,8.23,22940398,-0.0072727272727273196,0.0160493827160495
2022-05-05,5.51,5.52,5.47,5.48,5.381439,3300900,2022-05-06,8.06,8.06,7.88,7.9,7.9,11542485,0.00366300366300365,-0.04009720534629402
2022-05-06,5.43,5.44,5.35,5.37,5.273417,8527600,2022-05-10,7.8,7.85,7.62,7.8,7.8,9936994,-0.02007299270072993,-0.012658227848101333
2022-05-09,5.35,5.36,5.31,5.32,5.224317,6332200,2022-05-11,7.73,7.94,7.73,7.84,7.84,4511962,-0.009310986964618184,0.00512820512820511
2022-05-10,5.28,5.28,5.2,5.23,5.135935,7517800,2022-05-12,7.84,7.92,7.65,7.68,7.68,8695178,-0.016917293233082664,-0.020408163265306145
2022-05-11,5.24,5.28,5.22,5.25,5.155576,5208900,2022-05-13,7.7,7.81,7.68,7.75,7.75,4610113,0.003824091778202643,0.009114583333333481
2022-05-12,5.25,5.25,5.17,5.17,5.077014,7601900,2022-05-16,7.85,7.85,7.58,7.78,7.78,5505265,-0.015238095238095273,0.003870967741935516
2022-05-13,5.17,5.21,5.15,5.16,5.067194,7285300,2022-05-17,7.78,7.97,7.78,7.97,7.97,6504439,-0.0019342359767891004,0.024421593830334043
2022-05-17,5.21,5.33,5.19,5.33,5.234137,8851400,2022-05-18,7.97,8.11,7.9,8.0,8.0,11812960,0.032945736434108586,0.0037641154328733606
2022-05-18,5.35,5.5,5.35,5.43,5.332338,9916900,2022-05-19,7.91,7.91,7.72,7.81,7.81,4174037,0.018761726078799112,-0.02375000000000005
2022-05-19,5.36,5.44,5.28,5.38,5.283237,10496200,2022-05-20,7.81,7.91,7.81,7.88,7.88,3847000,-0.009208103130755041,0.008962868117797784
2022-05-20,5.4,5.48,5.39,5.47,5.371619,7037100,2022-05-23,7.86,7.92,7.79,7.85,7.85,3155181,0.016728624535315983,-0.0038071065989847552
2022-05-23,5.49,5.52,5.48,5.48,5.381439,7675000,2022-05-24,7.8,7.9,7.72,7.79,7.79,6395173,0.001828153564899626,-0.007643312101910826
2022-05-24,5.49,5.53,5.46,5.49,5.391259,7410200,2022-05-25,7.79,7.93,7.78,7.8,7.8,3537000,0.0018248175182480342,0.0012836970474967568
2022-05-25,5.5,5.52,5.46,5.48,5.381439,3763400,2022-05-26,7.85,7.97,7.75,7.97,7.97,7338591,-0.0018214936247722413,0.021794871794871717
2022-05-26,5.51,5.51,5.47,5.49,5.391259,5153700,2022-05-27,8.06,8.35,8.01,8.31,8.31,16568547,0.0018248175182480342,0.042659974905897124
2022-05-27,5.49,5.52,5.48,5.5,5.401079,3008600,2022-05-30,8.36,8.47,8.22,8.29,8.29,8930982,0.0018214936247722413,-0.002406738868832914
2022-05-30,5.51,5.52,5.5,5.51,5.4109,4022100,2022-05-31,8.3,8.38,8.1,8.2,8.2,7148717,0.0018181818181817189,-0.010856453558504175
2022-05-31,5.52,5.54,5.52,5.54,5.44036,5348100,2022-06-01,8.21,8.44,8.2,8.4,8.4,7139681,0.005444646098003769,0.024390243902439046
2022-06-01,5.5,5.53,5.49,5.51,5.4109,3939400,2022-06-02,8.33,8.33,8.15,8.24,8.24,6878005,-0.005415162454873723,-0.01904761904761909
2022-06-02,5.5,5.51,5.47,5.48,5.381439,2896400,2022-06-06,8.3,8.35,8.21,8.3,8.3,5961508,-0.005444646098003547,0.00728155339805836
2022-06-03,5.49,5.51,5.46,5.47,5.371619,2938000,2022-06-07,8.3,8.3,8.11,8.12,8.12,7734503,-0.0018248175182482562,-0.021686746987952032
2022-06-06,5.47,5.5,5.46,5.47,5.371619,2184600,2022-06-08,8.14,8.21,8.03,8.08,8.08,7239065,0.0,-0.004926108374384119
2022-06-07,5.46,5.47,5.43,5.46,5.361799,3740900,2022-06-09,8.04,8.05,7.85,7.92,7.92,12761319,-0.001828153564899404,-0.01980198019801982
2022-06-08,5.47,5.49,5.44,5.45,5.351978,2196800,2022-06-10,7.9,7.96,7.8,7.93,7.93,20547110,-0.001831501831501825,0.0012626262626262985
2022-06-09,5.43,5.45,5.33,5.36,5.263597,7181200,2022-06-13,7.81,7.83,7.68,7.78,7.78,11665229,-0.016513761467889854,-0.018915510718789386
2022-06-10,5.33,5.34,5.28,5.32,5.224317,4965500,2022-06-14,7.7,7.81,7.66,7.77,7.77,7319221,-0.007462686567164201,-0.0012853470437018677
2022-06-13,5.27,5.28,5.18,5.18,5.086834,8876400,2022-06-15,7.77,7.78,7.7,7.71,7.71,4989089,-0.026315789473684292,-0.007722007722007707
2022-06-14,5.16,5.17,5.11,5.13,5.037734,6814800,2022-06-16,7.77,7.8,7.55,7.65,7.65,8067865,-0.009652509652509633,-0.0077821011673151474
2022-06-15,5.14,5.22,5.13,5.13,5.037734,7181300,2022-06-17,7.58,7.58,7.5,7.54,7.54,7263055,0.0,-0.014379084967320321
2022-06-16,5.18,5.25,5.11,5.12,5.027914,6171500,2022-06-20,7.54,7.7,7.53,7.65,7.65,3633318,-0.0019493177387913674,0.01458885941644561
2022-06-17,5.1,5.12,5.07,5.08,4.988633,8581500,2022-06-21,7.68,7.71,7.58,7.67,7.67,2853291,-0.0078125,0.002614379084967311
2022-06-20,5.09,5.14,5.08,5.12,5.027914,3054268,2022-06-22,7.67,7.7,7.55,7.61,7.61,3762597,0.007874015748031482,-0.00782268578878742
2022-06-21,5.16,5.28,5.16,5.21,5.116295,4742500,2022-06-23,7.62,7.77,7.57,7.74,7.74,3941370,0.017578125,0.01708278580814726
2022-06-22,5.21,5.23,5.12,5.14,5.047554,4411400,2022-06-24,7.74,7.81,7.6,7.75,7.75,5763247,-0.013435700575815779,0.0012919896640826156
2022-06-23,5.15,5.18,5.12,5.13,5.037734,3090000,2022-06-27,7.85,8.19,7.85,8.08,8.08,21117578,-0.0019455252918287869,0.04258064516129023
2022-06-24,5.16,5.17,5.12,5.15,5.057374,1943500,2022-06-28,8.11,8.69,8.07,8.6,8.6,58846471,0.003898635477582957,0.06435643564356441
2022-06-27,5.17,5.19,5.14,5.16,5.067194,2840800,2022-06-29,8.5,8.65,8.45,8.59,8.59,26526966,0.0019417475728153999,-0.0011627906976744429
2022-06-28,5.16,5.2,5.13,5.19,5.096655,3485400,2022-06-30,8.47,8.74,8.47,8.59,8.59,17019840,0.005813953488372103,0.0
2022-06-29,5.17,5.19,5.12,5.13,5.037734,5310600,2022-07-04,8.55,8.6,8.23,8.58,8.58,10258320,-0.011560693641618602,-0.0011641443538998875
2022-06-30,5.12,5.15,5.1,5.1,5.008274,3506600,2022-07-05,8.69,8.79,8.48,8.56,8.56,9174071,-0.005847953216374324,-0.002331002331002252
2022-07-01,5.1,5.14,5.08,5.13,5.037734,3837100,2022-07-06,8.49,8.52,8.24,8.29,8.29,6562073,0.00588235294117645,-0.031542056074766456
2022-07-04,5.14,5.15,5.11,5.13,5.037734,2423800,2022-07-07,8.29,8.79,8.15,8.55,8.55,18524401,0.0,0.03136308805790122
2022-07-05,5.16,5.17,5.08,5.08,4.988633,2465200,2022-07-08,8.65,8.73,8.48,8.53,8.53,5168413,-0.009746588693957059,-0.002339181286549863
2022-07-06,5.09,5.12,5.07,5.1,5.008274,4443100,2022-07-11,8.53,8.53,8.36,8.4,8.4,3866965,0.003937007874015741,-0.015240328253223745
2022-07-07,5.1,5.15,5.09,5.15,5.057374,4736600,2022-07-12,8.4,8.57,8.39,8.42,8.42,8537063,0.009803921568627638,0.0023809523809523725
2022-07-08,5.16,5.21,5.15,5.19,5.096655,4867500,2022-07-13,8.57,8.79,8.47,8.47,8.47,10811696,0.007766990291262044,0.005938242280285166
2022-07-12,5.2,5.23,5.14,5.2,5.106475,3917600,2022-07-14,8.51,8.55,8.41,8.5,8.5,7693145,0.0019267822736031004,0.0035419126328215533
2022-07-13,5.2,5.26,5.19,5.23,5.135935,4263100,2022-07-15,8.49,8.54,8.28,8.28,8.28,8686519,0.005769230769230749,-0.02588235294117658
2022-07-14,5.22,5.25,5.19,5.22,5.126115,3159400,2022-07-18,8.34,8.54,8.34,8.48,8.48,7825971,-0.0019120458891014325,0.024154589371980784
2022-07-15,5.21,5.23,5.17,5.21,5.116295,2704900,2022-07-19,8.48,8.5,8.38,8.46,8.46,6343871,-0.0019157088122604415,-0.002358490566037652
2022-07-18,5.23,5.31,5.23,5.31,5.214497,5926100,2022-07-20,8.5,8.51,8.31,8.31,8.31,4217346,0.019193857965450922,-0.01773049645390079
2022-07-19,5.3,5.35,5.28,5.35,5.253777,10403800,2022-07-21,8.31,8.39,8.27,8.28,8.28,8507932,0.007532956685499137,-0.00361010830324926
2022-07-20,5.41,5.42,5.36,5.39,5.293057,4468900,2022-07-22,8.32,8.37,8.23,8.28,8.28,6198813,0.007476635514018781,0.0
2022-07-21,5.4,5.4,5.35,5.38,5.283237,2983100,2022-07-25,8.33,8.39,8.21,8.25,8.25,9111166,-0.0018552875695732052,-0.0036231884057970065
2022-07-22,5.38,5.39,5.33,5.38,5.283237,2993700,2022-07-26,8.33,8.38,8.22,8.22,8.22,4551566,0.0,-0.0036363636363635488
2022-07-25,5.38,5.4,5.33,5.33,5.234137,2226700,2022-07-27,8.23,8.28,8.17,8.18,8.18,3215268,-0.009293680297397744,-0.0048661800486619056
2022-07-26,5.33,5.36,5.29,5.31,5.214497,2444200,2022-07-28,8.2,8.23,8.1,8.14,8.14,5904401,-0.0037523452157599557,-0.004889975550122161
2022-07-27,5.31,5.35,5.27,5.35,5.253777,2466500,2022-07-29,8.18,8.2,8.04,8.12,8.12,3434611,0.007532956685499137,-0.002457002457002644
2022-07-28,5.38,5.39,5.33,5.36,5.263597,3498500,2022-08-01,8.16,8.3,8.03,8.27,8.27,8268413,0.0018691588785046953,0.018472906403940836
2022-07-29,5.5,5.5,5.43,5.45,5.351978,11705500,2022-08-02,8.27,8.27,8.01,8.19,8.19,7878494,0.01679104477611948,-0.0096735187424426
2022-08-01,5.45,5.47,5.39,5.42,5.322518,4626900,2022-08-03,8.19,8.39,8.15,8.31,8.31,9024125,-0.005504587155963359,0.014652014652014822
2022-08-02,5.41,5.42,5.4,5.41,5.312698,3454900,2022-08-04,8.3,8.48,8.3,8.47,8.47,5274196,-0.0018450184501844769,0.01925391095066198
2022-08-03,5.4,5.44,5.37,5.42,5.322518,3170900,2022-08-05,8.47,8.5,8.38,8.47,8.47,3467753,0.001848428835489857,0.0
2022-08-04,5.44,5.47,5.42,5.43,5.332338,4723900,2022-08-08,8.47,8.77,8.47,8.59,8.59,22687460,0.0018450184501843658,0.01416765053128688
2022-08-05,5.43,5.45,5.41,5.42,5.322518,2702200,2022-08-09,8.59,8.66,8.47,8.52,8.52,17179560,-0.0018416206261510082,-0.008149010477299212
2022-08-08,5.42,5.43,5.4,5.43,5.332338,2025300,2022-08-10,8.52,8.8,8.5,8.6,8.6,19242488,0.0018450184501843658,0.009389671361502261
2022-08-10,5.41,5.44,5.38,5.41,5.312698,5147800,2022-08-11,8.66,8.98,8.64,8.78,8.78,23029133,-0.0036832412523019054,0.020930232558139528
2022-08-11,5.43,5.44,5.4,5.44,5.342158,3188100,2022-08-12,8.85,8.87,8.42,8.46,8.46,13548963,0.005545286506469571,-0.036446469248291424
2022-08-12,5.44,5.44,5.4,5.41,5.312698,1740700,2022-08-15,8.5,8.55,8.43,8.53,8.53,5664081,-0.005514705882353033,0.008274231678486732
2022-08-15,5.41,5.43,5.38,5.39,5.293057,2128300,2022-08-16,8.53,8.8,8.51,8.76,8.76,12094597,-0.003696857670979714,0.02696365767878084
2022-08-16,5.41,5.43,5.38,5.42,5.322518,3925000,2022-08-17,8.76,8.87,8.73,8.79,8.79,6447863,0.005565862708719838,0.003424657534246478
2022-08-17,5.42,5.45,5.42,5.44,5.342158,3458400,2022-08-18,8.8,8.8,8.6,8.65,8.65,2851900,0.0036900369003691758,-0.015927189988623303
2022-08-18,5.41,5.45,5.41,5.44,5.342158,2531700,2022-08-19,8.55,8.66,8.55,8.66,8.66,2577654,0.0,0.0011560693641619046
2022-08-19,5.43,5.43,5.38,5.39,5.293057,2490300,2022-08-22,8.64,8.66,8.48,8.52,8.52,3849256,-0.009191176470588314,-0.01616628175519641
2022-08-22,5.38,5.39,5.35,5.38,5.283237,2850150,2022-08-23,8.48,8.49,8.33,8.4,8.4,6408874,-0.0018552875695732052,-0.014084507042253391
2022-08-23,5.35,5.43,5.34,5.38,5.283237,5321200,2022-08-24,8.4,8.56,8.35,8.47,8.47,8880557,0.0,0.008333333333333304
2022-08-24,5.38,5.41,5.35,5.36,5.263597,3047200,2022-08-25,8.47,8.51,8.41,8.47,8.47,1428470,-0.0037174721189590088,0.0
2022-08-25,5.38,5.4,5.36,5.37,5.273417,1784600,2022-08-26,8.47,8.49,8.31,8.32,8.32,5542666,0.001865671641791078,-0.017709563164108655
2022-08-26,5.39,5.4,5.37,5.38,5.283237,1945900,2022-08-29,8.26,8.29,8.15,8.23,8.23,7164842,0.0018621973929235924,-0.01081730769230771
2022-08-29,5.34,5.35,5.3,5.32,5.224317,4290300,2022-08-30,8.2,8.34,8.15,8.19,8.19,3744199,-0.011152416356877248,-0.00486026731470246
2022-08-30,5.32,5.38,5.32,5.36,5.263597,3507900,2022-08-31,8.17,8.27,8.06,8.16,8.16,5020170,0.007518796992481258,-0.003663003663003539
2022-08-31,5.33,5.35,5.31,5.32,5.224317,4290300,2022-09-01,8.11,8.25,8.02,8.15,8.15,8372854,-0.007462686567164201,-0.001225490196078427
2022-09-01,5.31,5.34,5.3,5.3,5.204677,1638600,2022-09-02,8.26,8.29,8.18,8.28,8.28,5406533,-0.00375939849624074,0.01595092024539868
2022-09-02,5.31,5.32,5.26,5.27,5.175216,4887100,2022-09-05,8.25,8.25,8.08,8.24,8.24,6758325,-0.005660377358490565,-0.004830917874396046
2022-09-05,5.27,5.3,5.27,5.29,5.194856,1819000,2022-09-06,8.24,8.32,8.15,8.26,8.26,4925441,0.00379506641366234,0.0024271844660193054
2022-09-06,5.31,5.37,5.29,5.32,5.224317,3154000,2022-09-07,8.19,8.27,8.17,8.2,8.2,5029309,0.005671077504725952,-0.007263922518159882
2022-09-07,5.28,5.32,5.27,5.31,5.214497,3004300,2022-09-08,8.21,8.38,8.21,8.28,8.28,8048495,-0.001879699248120481,0.009756097560975618
2022-09-08,5.35,5.39,5.35,5.37,5.273417,3779300,2022-09-09,8.35,8.47,8.26,8.36,8.36,17663745,0.011299435028248705,0.009661835748792313
2022-09-09,5.37,5.4,5.37,5.4,5.302878,2155800,2022-09-13,8.39,8.55,8.39,8.52,8.52,7950824,0.005586592178770999,0.019138755980861344
2022-09-12,5.4,5.42,5.36,5.4,5.302878,2657900,2022-09-14,8.4,8.64,8.37,8.59,8.59,8630051,0.0,0.008215962441314506
2022-09-13,5.4,5.43,5.39,5.42,5.322518,2718600,2022-09-15,8.63,8.66,8.47,8.51,8.51,4525189,0.0037037037037035425,-0.0093131548311991
2022-09-14,5.36,5.4,5.35,5.37,5.273417,3452600,2022-09-16,8.51,8.62,8.51,8.55,8.55,5674909,-0.009225092250922495,0.004700352526439522
2022-09-15,5.38,5.4,5.32,5.34,5.243957,3820300,2022-09-19,8.64,8.78,8.61,8.64,8.64,20041998,-0.005586592178770999,0.010526315789473717
2022-09-16,5.31,5.35,5.3,5.3,5.204677,4579500,2022-09-20,8.76,8.93,8.64,8.83,8.83,25168363,-0.0074906367041198685,0.0219907407407407
2022-09-19,5.31,5.33,5.3,5.31,5.214497,1861000,2022-09-21,8.84,9.2,8.74,8.94,8.94,36978168,0.0018867924528300772,0.01245753114382775
2022-09-20,5.31,5.33,5.31,5.32,5.224317,1934600,2022-09-22,8.86,8.9,8.72,8.83,8.83,13127777,0.0018832391713747842,-0.01230425055928408
2022-09-21,5.31,5.33,5.29,5.3,5.204677,2748400,2022-09-23,8.88,9.15,8.83,8.92,8.92,49466685,-0.00375939849624074,0.010192525481313774
2022-09-22,5.29,5.33,5.27,5.32,5.224317,3325000,2022-09-26,8.97,9.15,8.66,8.72,8.72,26944409,0.0037735849056603765,-0.022421524663677084
2022-09-23,5.3,5.3,5.28,5.28,5.185036,3076600,2022-09-27,8.74,8.98,8.74,8.95,8.95,20441895,-0.007518796992481258,0.026376146788990695
2022-09-26,5.27,5.29,5.17,5.17,5.077014,8075000,2022-09-28,8.94,8.94,8.46,8.48,8.48,22265885,-0.02083333333333337,-0.052513966480446816
2022-09-27,5.19,5.22,5.16,5.17,5.077014,5082300,2022-09-29,8.59,8.61,8.25,8.34,8.34,25625290,0.0,-0.01650943396226423
2022-09-28,5.17,5.21,5.11,5.12,5.027914,6201400,2022-09-30,8.31,8.4,8.15,8.28,8.28,16857861,-0.009671179883945835,-0.007194244604316613
2022-09-29,5.16,5.2,5.12,5.12,5.027914,5539000,2022-10-03,8.28,8.29,8.07,8.22,8.22,8032909,0.0,-0.007246376811594013
2022-09-30,5.11,5.13,5.06,5.1,5.008274,6937900,2022-10-05,8.45,8.51,8.21,8.34,8.34,15988984,-0.003906250000000111,0.014598540145985384
2022-10-03,5.1,5.12,5.06,5.06,4.968993,3109100,2022-10-06,8.35,8.7,8.26,8.63,8.63,19579709,-0.007843137254901933,0.03477218225419665
2022-10-04,5.1,5.14,5.1,5.11,5.018094,3959500,2022-10-07,8.62,8.72,8.52,8.6,8.6,9130344,0.00988142292490135,-0.0034762456546930665
2022-10-05,5.15,5.18,5.13,5.17,5.077014,3430300,2022-10-10,8.45,8.5,8.26,8.35,8.35,7970596,0.011741682974559575,-0.029069767441860517
2022-10-06,5.18,5.2,5.11,5.11,5.018094,2793800,2022-10-11,8.35,8.38,8.16,8.16,8.16,11261513,-0.011605415860734936,-0.022754491017964007
2022-10-07,5.12,5.15,5.12,5.13,5.037734,1933000,2022-10-12,8.16,8.2,8.01,8.05,8.05,13164936,0.003913894324853118,-0.013480392156862697
2022-10-10,5.12,5.12,5.06,5.08,4.988633,3356100,2022-10-13,8.05,8.07,7.65,7.79,7.79,22036845,-0.009746588693957059,-0.032298136645962816
2022-10-11,5.07,5.11,5.02,5.06,4.968993,3783400,2022-10-14,7.86,8.07,7.64,7.66,7.66,9984506,-0.003937007874015852,-0.016688061617458283
2022-10-12,5.07,5.08,5.03,5.03,4.939533,4054100,2022-10-17,7.57,7.7,7.49,7.66,7.66,9320583,-0.005928853754940566,0.0
2022-10-13,5.04,5.05,5.01,5.03,4.939533,4842500,2022-10-18,7.76,7.8,7.5,7.67,7.67,13778474,0.0,0.0013054830287206887
2022-10-14,5.06,5.09,5.03,5.04,4.949353,3590700,2022-10-19,7.67,7.8,7.55,7.58,7.58,8607010,0.001988071570576455,-0.011734028683181186
2022-10-17,5.04,5.05,4.99,5.0,4.910072,6674400,2022-10-20,7.46,7.58,7.37,7.45,7.45,16749083,-0.007936507936507908,-0.01715039577836408
2022-10-18,5.05,5.08,5.01,5.07,4.978813,3608000,2022-10-21,7.45,7.69,7.42,7.63,7.63,10673593,0.014000000000000012,0.024161073825503365
2022-10-19,5.05,5.12,5.05,5.05,4.959173,2558500,2022-10-24,7.49,7.59,7.2,7.24,7.24,9644605,-0.0039447731755425375,-0.05111402359108774
2022-10-20,5.03,5.08,5.01,5.08,4.988633,3901700,2022-10-25,7.2,7.44,7.2,7.4,7.4,12023744,0.005940594059405946,0.022099447513812098
2022-10-21,5.06,5.06,5.02,5.04,4.949353,2759000,2022-10-26,7.4,7.57,7.39,7.52,7.52,11174459,-0.007874015748031482,0.01621621621621605
2022-10-25,5.08,5.1,5.03,5.03,4.939533,2792600,2022-10-27,7.54,7.6,7.44,7.45,7.45,6685748,-0.001984126984126977,-0.00930851063829774
2022-10-26,5.06,5.17,5.06,5.11,5.018094,5573100,2022-10-28,7.45,7.49,7.25,7.32,7.32,13529135,0.015904572564612307,-0.01744966442953022
2022-10-27,5.15,5.16,5.1,5.16,5.067194,3394400,2022-10-31,7.3,7.3,7.05,7.12,7.12,14127005,0.009784735812133016,-0.02732240437158473
2022-10-28,5.12,5.16,5.12,5.14,5.047554,3102900,2022-11-01,7.2,7.4,7.11,7.37,7.37,11392286,-0.00387596899224818,0.0351123595505618
2022-10-31,5.16,5.28,5.16,5.26,5.165396,6402100,2022-11-02,7.35,7.55,7.28,7.54,7.54,20769885,0.023346303501945442,0.023066485753052923
2022-11-01,5.26,5.32,5.25,5.31,5.214497,4756400,2022-11-03,7.51,7.52,7.3,7.45,7.45,13500515,0.009505703422053147,-0.011936339522546358
2022-11-02,5.31,5.32,5.28,5.31,5.214497,2845500,2022-11-04,7.45,7.83,7.45,7.75,7.75,18060331,0.0,0.04026845637583887
2022-11-03,5.28,5.29,5.23,5.27,5.175216,3370900,2022-11-07,7.7,7.83,7.57,7.74,7.74,12832542,-0.007532956685499026,-0.001290322580645098
2022-11-04,5.3,5.35,5.25,5.34,5.243957,4159800,2022-11-08,7.78,7.81,7.68,7.73,7.73,5151315,0.013282732447817969,-0.0012919896640826156
2022-11-07,5.41,5.5,5.36,5.41,5.312698,13728700,2022-11-09,7.71,7.81,7.68,7.69,7.69,6719900,0.013108614232209881,-0.005174644243208237
2022-11-08,5.39,5.4,5.25,5.3,5.204677,8032900,2022-11-10,7.59,7.69,7.52,7.68,7.68,2414798,-0.020332717190388205,-0.0013003901170351995
2022-11-09,5.3,5.34,5.28,5.32,5.224317,4587600,2022-11-11,7.8,8.08,7.68,7.86,7.86,20292389,0.0037735849056603765,0.0234375
2022-11-10,5.32,5.34,5.3,5.33,5.234137,2617300,2022-11-14,7.91,8.06,7.52,7.53,7.53,22435972,0.001879699248120259,-0.041984732824427495
2022-11-11,5.38,5.43,5.33,5.37,5.273417,7142000,2022-11-15,7.55,7.69,7.55,7.67,7.67,7571417,0.007504690431519689,0.01859229747675961
2022-11-14,5.4,5.45,5.4,5.45,5.351978,8706500,2022-11-16,7.69,7.77,7.61,7.62,7.62,6491141,0.014897579143389184,-0.006518904823989535
2022-11-15,5.45,5.48,5.42,5.47,5.371619,5217500,2022-11-17,7.6,7.63,7.48,7.57,7.57,10700692,0.003669724770642091,-0.006561679790026198
2022-11-16,5.46,5.5,5.45,5.5,5.401079,7256500,2022-11-18,7.58,7.61,7.45,7.48,7.48,4215120,0.005484460694698434,-0.011889035667106973
2022-11-17,5.5,5.52,5.46,5.5,5.401079,4381500,2022-11-21,7.46,7.46,7.28,7.33,7.33,7513474,0.0,-0.020053475935828957
2022-11-18,5.5,5.53,5.45,5.48,5.381439,4996200,2022-11-22,7.36,7.44,7.29,7.31,7.31,4657000,-0.0036363636363635488,-0.0027285129604366354
2022-11-21,5.48,5.51,5.46,5.49,5.391259,3332700,2022-11-23,7.34,7.44,7.26,7.44,7.44,7331804,0.0018248175182480342,0.017783857729138264
2022-11-22,5.49,5.5,5.44,5.47,5.371619,3871900,2022-11-24,7.44,7.48,7.35,7.4,7.4,5606874,-0.0036429872495447047,-0.005376344086021501
2022-11-23,5.48,5.49,5.44,5.45,5.351978,3050300,2022-11-25,7.46,7.54,7.35,7.35,7.35,7530181,-0.003656307129798808,-0.006756756756756799
2022-11-24,5.46,5.49,5.45,5.49,5.391259,2423600,2022-11-28,7.3,7.79,7.27,7.76,7.76,16672000,0.007339449541284404,0.05578231292517
2022-11-25,5.49,5.5,5.46,5.49,5.391259,1808300,2022-11-29,7.76,8.05,7.69,7.99,7.99,16910081,0.0,0.029639175257732076
2022-11-28,5.46,5.48,5.42,5.46,5.361799,3151400,2022-11-30,8.0,8.06,7.86,8.06,8.06,10499800,-0.005464480874316946,0.008760951188986343
2022-11-29,5.46,5.49,5.45,5.47,5.371619,4153000,2022-12-01,8.13,8.21,7.9,7.91,7.91,12773675,0.001831501831501825,-0.018610421836228297
2022-11-30,5.47,5.5,5.46,5.5,5.401079,7403600,2022-12-02,7.9,7.92,7.72,7.77,7.77,8413390,0.005484460694698434,-0.017699115044247815
2022-12-01,5.51,5.55,5.51,5.55,5.45018,5270800,2022-12-05,7.9,8.08,7.83,8.07,8.07,12143105,0.009090909090909038,0.038610038610038755
2022-12-02,5.54,5.55,5.51,5.53,5.43054,2928400,2022-12-06,8.01,8.23,7.93,8.15,8.15,14816476,-0.003603603603603567,0.00991325898389106
2022-12-05,5.53,5.58,5.53,5.57,5.46982,3948800,2022-12-07,8.15,8.59,8.12,8.17,8.17,32440579,0.00723327305605781,0.0024539877300613355
2022-12-06,5.56,5.58,5.54,5.58,5.47964,5108200,2022-12-08,8.19,8.51,8.18,8.5,8.5,17258712,0.0017953321364452268,0.04039167686658507
2022-12-07,5.58,5.59,5.54,5.57,5.46982,3896200,2022-12-09,8.5,8.51,8.34,8.42,8.42,22280332,-0.0017921146953404632,-0.009411764705882342
2022-12-08,5.57,5.58,5.56,5.56,5.46,3893400,2022-12-12,8.5,8.66,8.4,8.49,8.49,11824461,-0.0017953321364453378,0.008313539192399189
2022-12-09,5.48,5.51,5.46,5.49,5.49,5057700,2022-12-13,8.49,8.93,8.46,8.76,8.76,21818221,-0.012589928057553879,0.03180212014134276
2022-12-12,5.49,5.52,5.47,5.51,5.51,3288800,2022-12-14,8.77,8.87,8.58,8.61,8.61,12546533,0.0036429872495444826,-0.017123287671232945
2022-12-13,5.51,5.55,5.5,5.55,5.55,3428000,2022-12-15,8.6,8.72,8.5,8.56,8.56,9700045,0.007259528130671544,-0.00580720092915199
2022-12-14,5.57,5.6,5.55,5.58,5.58,4139900,2022-12-16,8.56,8.6,8.47,8.56,8.56,6084444,0.00540540540540535,0.0
2022-12-15,5.58,5.58,5.55,5.58,5.58,3102200,2022-12-19,8.48,8.58,8.41,8.42,8.42,3619157,0.0,-0.016355140186915973
2022-12-16,5.55,5.57,5.53,5.56,5.56,3848800,2022-12-20,8.4,8.42,8.29,8.4,8.4,6593972,-0.0035842293906810374,-0.002375296912113911
2022-12-19,5.55,5.58,5.55,5.58,5.58,2504700,2022-12-21,8.42,8.44,8.32,8.44,8.44,2002044,0.003597122302158251,0.004761904761904745
2022-12-20,5.58,5.6,5.53,5.56,5.56,2390500,2022-12-22,8.46,8.67,8.46,8.55,8.55,5494335,-0.0035842293906810374,0.013033175355450455
2022-12-21,5.55,5.56,5.53,5.56,5.56,1470400,2022-12-23,8.47,8.75,8.43,8.72,8.72,10462502,0.0,0.019883040935672502
2022-12-22,5.57,5.57,5.54,5.56,5.56,1827700,2022-12-28,8.75,8.84,8.6,8.7,8.7,16135955,0.0,-0.002293577981651529
2022-12-23,5.53,5.54,5.48,5.5,5.5,2086500,2022-12-29,8.67,8.67,8.44,8.58,8.58,9522236,-0.010791366906474753,-0.013793103448275779
2022-12-27,5.55,5.57,5.52,5.52,5.52,1897200,2022-12-30,8.61,8.68,8.5,8.52,8.52,3702909,0.0036363636363636598,-0.006993006993007089
2022-12-28,5.56,5.56,5.54,5.56,5.56,2299100,2023-01-03,8.41,8.52,8.37,8.42,8.42,7636499,0.007246376811594235,-0.011737089201877882
2022-12-29,5.56,5.56,5.52,5.54,5.54,2627300,2023-01-04,8.4,8.49,8.35,8.35,8.35,9430622,-0.003597122302158251,-0.008313539192399078
2022-12-30,5.55,5.56,5.53,5.53,5.53,1644100,2023-01-05,8.5,8.55,8.41,8.51,8.51,8884785,-0.0018050541516244634,0.01916167664670665
2023-01-03,5.52,5.52,5.46,5.49,5.49,2622400,2023-01-06,8.45,8.54,8.28,8.28,8.28,13072475,-0.007233273056057921,-0.027027027027027084
2023-01-04,5.49,5.52,5.48,5.48,5.48,2644300,2023-01-09,8.41,8.49,8.35,8.42,8.42,7483442,-0.0018214936247722413,0.01690821256038655
2023-01-05,5.51,5.55,5.5,5.54,5.54,3497000,2023-01-10,8.4,8.48,8.28,8.34,8.34,8037129,0.010948905109488871,-0.009501187648456089
2023-01-06,5.54,5.55,5.52,5.53,5.53,2030700,2023-01-11,8.34,8.41,8.28,8.28,8.28,6532998,-0.0018050541516244634,-0.007194244604316613
2023-01-09,5.56,5.68,5.56,5.57,5.57,10447300,2023-01-12,8.41,8.41,8.25,8.25,8.25,7695758,0.00723327305605781,-0.0036231884057970065
2023-01-10,5.59,5.62,5.57,5.58,5.58,3753400,2023-01-13,8.34,8.59,8.29,8.37,8.37,9437274,0.0017953321364452268,0.014545454545454417
2023-01-11,5.59,5.61,5.56,5.61,5.61,3574900,2023-01-16,8.49,8.58,8.45,8.55,8.55,12924720,0.005376344086021501,0.021505376344086224
2023-01-12,5.62,5.63,5.6,5.63,5.63,3818100,2023-01-17,8.42,8.44,8.35,8.42,8.42,7827500,0.0035650623885916666,-0.01520467836257322
2023-01-13,5.65,5.86,5.63,5.86,5.86,19208900,2023-01-18,8.42,8.52,8.39,8.5,8.5,8791409,0.04085257548845478,0.009501187648456089
2023-01-16,5.86,5.98,5.82,5.83,5.83,7879900,2023-01-19,8.46,8.46,8.31,8.34,8.34,10158754,-0.005119453924914752,-0.018823529411764683
2023-01-17,5.83,5.87,5.78,5.83,5.83,3535400,2023-01-20,8.38,8.38,8.3,8.38,8.38,7855371,0.0,0.004796163069544557
2023-01-18,5.84,5.88,5.8,5.88,5.88,3656500,2023-01-26,8.38,8.48,8.26,8.28,8.28,12044697,0.00857632933104635,-0.011933174224343812
2023-01-19,5.84,5.88,5.82,5.82,5.82,2724100,2023-01-27,8.28,8.31,8.11,8.11,8.11,14529176,-0.010204081632652962,-0.020531400966183555
2023-01-20,5.84,5.9,5.82,5.88,5.88,3219300,2023-01-30,8.11,8.15,7.95,8.0,8.0,17751704,0.010309278350515427,-0.013563501849568338
2023-01-25,5.94,6.0,5.93,5.98,5.98,6026600,2023-01-31,8.0,8.05,7.78,7.8,7.8,22665035,0.017006802721088565,-0.025000000000000022
2023-01-26,5.98,5.98,5.92,5.97,5.97,4654588,2023-02-01,7.8,7.95,7.8,7.92,7.92,12442301,-0.0016722408026756952,0.01538461538461533
2023-01-27,5.97,6.02,5.94,5.98,5.98,5962400,2023-02-02,7.92,8.0,7.8,7.81,7.81,11694074,0.0016750418760469454,-0.01388888888888895
2023-01-30,5.98,6.0,5.95,5.97,5.97,6439400,2023-02-03,7.89,7.9,7.82,7.87,7.87,14711004,-0.0016722408026756952,0.00768245838668391
2023-01-31,5.95,5.97,5.91,5.92,5.92,4901400,2023-02-06,7.87,7.9,7.74,7.82,7.82,10123387,-0.008375209380234505,-0.006353240152477735
2023-02-01,5.95,5.97,5.91,5.93,5.93,3294800,2023-02-07,7.83,7.84,7.76,7.78,7.78,6315598,0.0016891891891892552,-0.005115089514066473
2023-02-02,5.96,5.97,5.94,5.96,5.96,2917500,2023-02-08,7.82,7.87,7.77,7.84,7.84,5034726,0.005059021922428464,0.007712082262210762
2023-02-03,5.96,5.97,5.91,5.97,5.97,3321100,2023-02-09,7.84,7.84,7.77,7.8,7.8,12421727,0.001677852348993314,-0.005102040816326481
2023-02-06,5.97,5.98,5.93,5.93,5.93,2389000,2023-02-10,7.8,7.8,7.71,7.72,7.72,7147062,-0.00670016750418756,-0.01025641025641022
2023-02-07,5.93,5.97,5.88,5.91,5.91,5603500,2023-02-13,7.71,7.78,7.62,7.77,7.77,34552148,-0.003372681281618828,0.006476683937823857
2023-02-08,5.92,5.96,5.91,5.94,5.94,3781900,2023-02-14,7.77,7.77,7.71,7.74,7.74,6532846,0.005076142131979822,-0.0038610038610037423
2023-02-09,5.92,5.94,5.89,5.9,5.9,3929600,2023-02-15,7.72,7.74,7.66,7.7,7.7,5474600,-0.006734006734006703,-0.0051679586563307955
2023-02-10,5.89,5.91,5.86,5.88,5.88,3762200,2023-02-16,7.7,7.86,7.7,7.75,7.75,7609246,-0.003389830508474634,0.006493506493506551
2023-02-13,5.88,5.92,5.82,5.85,5.85,4306200,2023-02-17,7.73,7.77,7.69,7.69,7.69,2714874,-0.005102040816326592,-0.007741935483870921
2023-02-14,5.88,5.92,5.86,5.87,5.87,2253600,2023-02-20,7.7,7.77,7.67,7.68,7.68,4599636,0.0034188034188034067,-0.0013003901170351995
2023-02-15,5.87,5.87,5.76,5.79,5.79,4742700,2023-02-21,7.71,7.72,7.62,7.64,7.64,4666756,-0.013628620102214661,-0.00520833333333337
2023-02-16,5.82,5.87,5.8,5.85,5.85,2573600,2023-02-22,7.65,7.68,7.54,7.62,7.62,6443999,0.010362694300518172,-0.002617801047120394
2023-02-17,5.83,5.84,5.78,5.84,5.84,2203200,2023-02-23,7.61,7.65,7.56,7.58,7.58,4496507,-0.0017094017094017033,-0.005249343832021025
2023-02-20,5.84,5.85,5.78,5.78,5.78,2664300,2023-02-24,7.6,7.72,7.55,7.67,7.67,5324700,-0.010273972602739656,0.01187335092348274
2023-02-21,5.79,5.82,5.76,5.78,5.78,1877600,2023-02-27,7.6,7.62,7.53,7.58,7.58,5280302,0.0,-0.011734028683181186
2023-02-22,5.82,5.83,5.74,5.77,5.77,8953600,2023-02-28,7.6,7.78,7.6,7.72,7.72,7225229,-0.0017301038062285112,0.01846965699208436
2023-02-23,5.8,5.9,5.72,5.72,5.72,7762700,2023-03-01,7.73,7.82,7.73,7.78,7.78,5083700,-0.008665511265164572,0.007772020725388629
2023-02-24,5.76,5.81,5.73,5.77,5.77,5785100,2023-03-02,7.78,7.89,7.76,7.88,7.88,6191574,0.00874125874125875,0.01285347043701801
2023-02-27,5.75,5.77,5.7,5.7,5.7,3741200,2023-03-03,7.9,7.97,7.84,7.95,7.95,9550000,-0.0121317157712304,0.008883248730964466
2023-02-28,5.72,5.75,5.69,5.69,5.69,5424000,2023-03-06,7.95,7.98,7.88,7.89,7.89,3378019,-0.0017543859649122862,-0.007547169811320864
2023-03-01,5.7,5.73,5.66,5.72,5.72,3700100,2023-03-07,7.88,7.89,7.78,7.84,7.84,4242743,0.005272407732864526,-0.006337135614702172
2023-03-02,5.72,5.74,5.67,5.68,5.68,2550600,2023-03-08,7.8,7.95,7.7,7.82,7.82,6283193,-0.006993006993006978,-0.0025510204081632404
2023-03-03,5.73,5.75,5.67,5.7,5.7,3061700,2023-03-09,7.81,7.82,7.49,7.54,7.54,26962322,0.0035211267605634866,-0.035805626598465534
2023-03-06,5.71,5.77,5.67,5.77,5.77,2538600,2023-03-10,7.5,7.53,7.3,7.32,7.32,16498146,0.012280701754385781,-0.02917771883289122
2023-03-07,5.78,5.83,5.74,5.81,5.81,4920600,2023-03-13,7.31,7.41,7.19,7.35,7.35,12513451,0.006932409012131657,0.004098360655737654
2023-03-08,5.81,5.85,5.78,5.84,5.84,3498300,2023-03-14,7.3,7.32,7.19,7.22,7.22,15337145,0.005163511187607606,-0.017687074829931926
2023-03-09,5.85,5.85,5.75,5.78,5.78,2578600,2023-03-15,7.22,7.38,7.22,7.32,7.32,5315586,-0.010273972602739656,0.013850415512465464
2023-03-10,5.75,5.76,5.68,5.74,5.74,4020700,2023-03-16,7.25,7.28,7.18,7.21,7.21,7612271,-0.00692041522491349,-0.015027322404371657
2023-03-13,5.7,5.75,5.65,5.66,5.66,4966500,2023-03-17,7.25,7.39,7.25,7.28,7.28,8199543,-0.013937282229965153,0.009708737864077666
2023-03-14,5.66,5.69,5.6,5.65,5.65,5012700,2023-03-20,7.25,7.28,7.13,7.17,7.17,5658727,-0.0017667844522968323,-0.015109890109890167
2023-03-15,5.68,5.74,5.68,5.7,5.7,4446000,2023-03-21,7.21,7.27,7.17,7.25,7.25,4322398,0.008849557522123908,0.01115760111576014
2023-03-16,5.69,5.69,5.6,5.66,5.66,4898100,2023-03-22,7.29,7.34,7.25,7.25,7.25,3810008,-0.007017543859649145,0.0
2023-03-17,5.66,5.73,5.65,5.73,5.73,5569600,2023-03-23,7.25,7.34,7.23,7.33,7.33,3198152,0.012367491166077826,0.011034482758620623
2023-03-20,5.71,5.71,5.53,5.56,5.56,5650300,2023-03-24,7.33,7.47,7.3,7.33,7.33,3750966,-0.029668411867364908,0.0
